company_name,domain,offer_id,contact_name,contact_title,contact_email,email_verified
MindWorX Clinic (OT&P Healthcare),otandp.com,therapy-app,,,,
Oasis Hong Kong Centre for Counselling & Psychotherapy,oasishktherapy.com,therapy-app,,,,
MindnLife,mindnlife.com,therapy-app,Dr Quraulain Zaidi,Founder & Clinical Psychologist,,
Central Minds Psychology & Therapy Clinic,centralminds.hk,therapy-app,,,,
Hong Kong Psychological Counselling Center,hkpcc.hk,therapy-app,,,,
Mark Boyden Associates,markboyden.com,therapy-app,Mark Boyden,Clinical Director,,
Inner Compass Psychotherapy and Trauma Practice,innercompasspsychotherapy.com,therapy-app,Dr Nivedita Ramanujam,Clinical Psychologist & Founder,,
Momentum Counselling,momentumcounselling.hk,therapy-app,Jill Carter,Co-Founder,,
Winnie Chiu Family Therapy,winniechiu.com.hk,therapy-app,Winnie Chiu,Family Therapist & Founder,,
Lo Chan Marriage and Family Therapist,lochantherapy.com,therapy-app,Lo Chan,Marriage & Family Therapist,,
